File,Repo Name,Language,Watchers,Stars,Forks,Issues,Commits,Pulls
C:/Users/scott/2025-datascience-homework/2025-datascience-homework/HW6/snapshots/freeCodeCamp/freeCodeCamp.html,freeCodeCamp,en,8500,410000,39000,168,37591,66
C:/Users/scott/2025-datascience-homework/2025-datascience-homework/HW6/snapshots/EbookFoundation/free-programming-books.html,free-programming-books,en,9800,351000,62900,29,9499,55
C:/Users/scott/2025-datascience-homework/2025-datascience-homework/HW6/snapshots/sindresorhus/awesome.html,awesome,en,7800,348000,28600,12,1154,40
C:/Users/scott/2025-datascience-homework/2025-datascience-homework/HW6/snapshots/codecrafters-io/build-your-own-x.html,build-your-own-x,en,5600,338000,31200,190,571,162
C:/Users/scott/2025-datascience-homework/2025-datascience-homework/HW6/snapshots/public-apis/public-apis.html,public-apis,en,1300,94800,32500,1700,26364,161
C:/Users/scott/2025-datascience-homework/2025-datascience-homework/HW6/snapshots/jwasham/coding-interview-university.html,coding-interview-university,en,8400,312000,78000,52,2511,8
C:/Users/scott/2025-datascience-homework/2025-datascience-homework/HW6/snapshots/kamranahmedse/developer-roadmap.html,developer-roadmap,en,6800,309000,40400,135,6243,7
C:/Users/scott/2025-datascience-homework/2025-datascience-homework/HW6/snapshots/donnemartin/system-design-primer.html,system-design-primer,en,6700,290000,48200,232,332,246
C:/Users/scott/2025-datascience-homework/2025-datascience-homework/HW6/snapshots/996icu/996.ICU.html,996.ICU,en,4200,270000,21100,0,3217,4
C:/Users/scott/2025-datascience-homework/2025-datascience-homework/HW6/snapshots/vinta/awesome-python.html,awesome-python,en,6100,235000,25300,0,1679,428
C:/Users/scott/2025-datascience-homework/2025-datascience-homework/HW6/snapshots/facebook/react.html,react,en,6600,232000,47700,776,20001,184
C:/Users/scott/2025-datascience-homework/2025-datascience-homework/HW6/snapshots/practical-tutorials/project-based-learning.html,project-based-learning,en,3200,218000,28500,112,570,91
C:/Users/scott/2025-datascience-homework/2025-datascience-homework/HW6/snapshots/awesome-selfhosted/awesome-selfhosted.html,awesome-selfhosted,en,2700,217000,10300,0,6709,0
C:/Users/scott/2025-datascience-homework/2025-datascience-homework/HW6/snapshots/TheAlgorithms/Python.html,Python,en,5900,197000,46300,64,3490,289
C:/Users/scott/2025-datascience-homework/2025-datascience-homework/HW6/snapshots/trekhleb/javascript-algorithms.html,javascript-algorithms,en,4300,190000,30500,129,1120,228
C:/Users/scott/2025-datascience-homework/2025-datascience-homework/HW6/snapshots/torvalds/linux.html,linux,en,7800,188000,55200,0,1336263,444
C:/Users/scott/2025-datascience-homework/2025-datascience-homework/HW6/snapshots/getify/You-Dont-Know-JS.html,You-Dont-Know-JS,en,5900,181000,33600,81,1899,45
C:/Users/scott/2025-datascience-homework/2025-datascience-homework/HW6/snapshots/CyC2018/CS-Notes.html,CS-Notes,en,5300,179000,51200,148,3781,65
C:/Users/scott/2025-datascience-homework/2025-datascience-homework/HW6/snapshots/ohmyzsh/ohmyzsh.html,ohmyzsh,en,2700,176000,26000,132,7477,339
C:/Users/scott/2025-datascience-homework/2025-datascience-homework/HW6/snapshots/ossu/computer-science.html,computer-science,en,5800,175000,22300,14,1066,2
C:/Users/scott/2025-datascience-homework/2025-datascience-homework/HW6/snapshots/ytdl-org/youtube-dl.html,youtube-dl,en,2200,134000,10200,3700,18886,498
C:/Users/scott/2025-datascience-homework/2025-datascience-homework/HW6/snapshots/vercel/next.js.html,next.js,en,1500,130000,27700,2700,27399,664
C:/Users/scott/2025-datascience-homework/2025-datascience-homework/HW6/snapshots/ollama/ollama.html,ollama,en,737,128000,10400,1400,3895,204
C:/Users/scott/2025-datascience-homework/2025-datascience-homework/HW6/snapshots/labuladong/fucking-algorithm.html,fucking-algorithm,en,2300,127000,23300,4,516,40
C:/Users/scott/2025-datascience-homework/2025-datascience-homework/HW6/snapshots/golang/go.html,go,en,3400,126000,17900,5000,62325,338
C:/Users/scott/2025-datascience-homework/2025-datascience-homework/HW6/snapshots/d3/d3.html,d3,en,3600,110000,22900,9,4507,12
C:/Users/scott/2025-datascience-homework/2025-datascience-homework/HW6/snapshots/krahets/hello-algo.html,hello-algo,en,569,109000,13600,18,2071,19
C:/Users/scott/2025-datascience-homework/2025-datascience-homework/HW6/snapshots/yt-dlp/yt-dlp.html,yt-dlp,en,567,101000,7900,1500,23012,312
C:/Users/scott/2025-datascience-homework/2025-datascience-homework/HW6/snapshots/langchain-ai/langchain.html,langchain,en,720,101000,16400,344,12710,58
C:/Users/scott/2025-datascience-homework/2025-datascience-homework/HW6/snapshots/521xueweihan/HelloGitHub.html,HelloGitHub,en,3100,98700,9800,192,204,2
C:/Users/scott/2025-datascience-homework/2025-datascience-homework/HW6/snapshots/angular/angular.html,angular,en,3000,97000,25900,1500,32192,245
C:/Users/scott/2025-datascience-homework/2025-datascience-homework/HW6/snapshots/mui/material-ui.html,material-ui,en,1300,94800,32500,1700,26364,161
C:/Users/scott/2025-datascience-homework/2025-datascience-homework/HW6/snapshots/godotengine/godot.html,godot,en,1500,94100,21700,5000,71794,3300
C:/Users/scott/2025-datascience-homework/2025-datascience-homework/HW6/snapshots/ant-design/ant-design.html,ant-design,en,242,93800,51200,1200,29201,68
C:/Users/scott/2025-datascience-homework/2025-datascience-homework/HW6/snapshots/excalidraw/excalidraw.html,excalidraw,en,429,92800,8900,1700,3672,384
C:/Users/scott/2025-datascience-homework/2025-datascience-homework/HW6/snapshots/ryanmcdermott/clean-code-javascript.html,clean-code-javascript,en,1800,92500,12400,71,546,36
C:/Users/scott/2025-datascience-homework/2025-datascience-homework/HW6/snapshots/neovim/neovim.html,neovim,en,975,86300,5900,1600,31874,310
C:/Users/scott/2025-datascience-homework/2025-datascience-homework/HW6/snapshots/mtdvio/every-programmer-should-know.html,every-programmer-should-know,en,2000,86200,7900,29,284,25
C:/Users/scott/2025-datascience-homework/2025-datascience-homework/HW6/snapshots/storybookjs/storybook.html,storybook,en,933,85900,9400,2000,66351,139
C:/Users/scott/2025-datascience-homework/2025-datascience-homework/HW6/snapshots/rustdesk/rustdesk.html,rustdesk,en,496,82500,11500,49,10279,7
C:/Users/scott/2025-datascience-homework/2025-datascience-homework/HW6/snapshots/florinpop17/app-ideas.html,app-ideas,en,1800,82200,9700,126,536,356
C:/Users/scott/2025-datascience-homework/2025-datascience-homework/HW6/snapshots/bitcoin/bitcoin.html,bitcoin,en,4000,82100,36800,386,43983,273
C:/Users/scott/2025-datascience-homework/2025-datascience-homework/HW6/snapshots/sveltejs/svelte.html,svelte,en,848,81500,4400,766,10003,53
C:/Users/scott/2025-datascience-homework/2025-datascience-homework/HW6/snapshots/animate-css/animate.css.html,animate.css,en,2300,81300,16200,32,664,21
C:/Users/scott/2025-datascience-homework/2025-datascience-homework/HW6/snapshots/shadcn-ui/ui.html,ui,en,261,81300,5300,781,650,879
C:/Users/scott/2025-datascience-homework/2025-datascience-homework/HW6/snapshots/gothinkster/realworld.html,realworld,en,1500,81200,7400,44,974,24
C:/Users/scott/2025-datascience-homework/2025-datascience-homework/HW6/snapshots/ChatGPTNextWeb/NextChat.html,NextChat,en,426,81100,60900,562,3014,81
C:/Users/scott/2025-datascience-homework/2025-datascience-homework/HW6/snapshots/opencv/opencv.html,opencv,en,2700,80700,56000,2600,34975,145
